column,finite_count,nan,pos_inf,neg_inf,mean,std,min,max,zeros,negatives,unparseable,constant
Destination Port,2830743,0,0,0,8071.4825012373085,18283.632172375605,0.0,65535.0,1696,0,0,False
Flow Duration,2830743,0,0,0,14785663.929521684,33653744.08585523,-13.0,119999998.0,2867,115,0,False
Total Fwd Packets,2830743,0,0,0,9.361159949878882,749.6727924980048,1.0,219759.0,0,0,0,False
Total Backward Packets,2830743,0,0,0,10.393770116185044,997.3882689050921,0.0,291922.0,453519,0,0,False
Total Length of Fwd Packets,2830743,0,0,0,549.3024145957439,9993.589229393498,0.0,12900000.0,449170,0,0,False
Total Length of Bwd Packets,2830743,0,0,0,16162.642546497511,2263088.0517259436,0.0,655453030.0,707746,0,0,False
Fwd Packet Length Max,2830743,0,0,0,207.59994107554093,717.1848417583044,0.0,24820.0,449170,0,0,False
Fwd Packet Length Min,2830743,0,0,0,18.713656096650247,60.339345351018935,0.0,2325.0,1317226,0,0,False
Fwd Packet Length Mean,2830743,0,0,0,58.201938528123726,186.09115654962315,0.0,5940.857143,449170,0,0,False
Fwd Packet Length Std,2830743,0,0,0,68.91013354422385,281.18709207898524,0.0,7125.5968458437,1850684,0,0,False
Bwd Packet Length Max,2830743,0,0,0,870.849454719132,1946.3673768747035,0.0,19530.0,707746,0,0,False
Bwd Packet Length Min,2830743,0,0,0,41.04957920941604,68.86260264724741,0.0,2896.0,1437867,0,0,False
Bwd Packet Length Mean,2830743,0,0,0,305.94928134992875,605.2568001421854,0.0,5800.5,707746,0,0,False
Bwd Packet Length Std,2830743,0,0,0,335.3257206074604,839.693217711369,0.0,8194.660487,2026514,0,0,False
Flow Bytes/s,2827876,1358,1509,0,1491719.0643420685,25940155.669913016,-261000000.0,2071000000.0,355767,85,0,False
Flow Packets/s,2827876,0,2867,0,70854.23306262742,254415.43789676312,-2000000.0,4000000.0,0,115,0,False
Flow IAT Mean,2830743,0,0,0,1298448.7086653907,4507944.173794316,-13.0,120000000.0,2867,115,0,False
Flow IAT Std,2830743,0,0,0,2919270.9187548803,8045869.77965458,0.0,84800261.5664079,998326,0,0,False
Flow IAT Max,2830743,0,0,0,9182475.317050684,24459539.2508425,-13.0,120000000.0,2866,115,0,False
Flow IAT Min,2830743,0,0,0,162379.5617843089,2950281.7768057273,-14.0,120000000.0,75669,2891,0,False
Fwd IAT Total,2830743,0,0,0,14482961.734189223,33575811.646467075,0.0,120000000.0,711912,0,0,False
Fwd IAT Mean,2830743,0,0,0,2610192.973542325,9525722.485326517,0.0,120000000.0,711912,0,0,False
Fwd IAT Std,2830743,0,0,0,3266957.222050832,9639055.40034876,0.0,84602929.2769822,1776199,0,0,False
Fwd IAT Max,2830743,0,0,0,9042938.558814416,24529157.399698887,0.0,120000000.0,711912,0,0,False
Fwd IAT Min,2830743,0,0,0,1021892.905134447,8591436.33855435,-12.0,120000000.0,743858,17,0,False
Bwd IAT Total,2830743,0,0,0,9893830.350136695,28736614.19888721,0.0,120000000.0,1249499,0,0,False
Bwd IAT Mean,2830743,0,0,0,1805783.7673780406,8887197.079007309,0.0,120000000.0,1249499,0,0,False
Bwd IAT Std,2830743,0,0,0,1485973.3473393081,6278468.565082394,0.0,84418013.7826341,2019228,0,0,False
Bwd IAT Max,2830743,0,0,0,4684692.427954427,17160950.058626805,0.0,120000000.0,1249499,0,0,False
Bwd IAT Min,2830743,0,0,0,967261.3707574301,8308983.091314674,0.0,120000000.0,1259814,0,0,False
Fwd PSH Flags,2830743,0,0,0,0.046446462995757644,0.2104500052666412,0.0,1.0,2699265,0,0,False
Bwd PSH Flags,2830743,0,0,0,0.0,0.0,0.0,0.0,2830743,0,0,True
Fwd URG Flags,2830743,0,0,0,0.00011127820505075876,0.010548263436133869,0.0,1.0,2830428,0,0,False
Bwd URG Flags,2830743,0,0,0,0.0,0.0,0.0,0.0,2830743,0,0,True
Fwd Header Length,2830743,0,0,0,-25997.391975887604,21052857.873173933,-32212234632.0,4644908.0,1758,35,0,False
Bwd Header Length,2830743,0,0,0,-2273.2753195892383,1452208.9395910755,-1073741320.0,5838440.0,453651,22,0,False
Fwd Packets/s,2830743,0,0,0,63865.34641143761,247537.12964203063,0.0,3000000.0,2982,0,0,False
Bwd Packets/s,2830743,0,0,0,6995.191742603614,38151.69768319484,0.0,2000000.0,454621,0,0,False
Min Packet Length,2830743,0,0,0,16.434504651252336,25.23772079769567,0.0,1448.0,1344008,0,0,False
Max Packet Length,2830743,0,0,0,950.4024445172167,2028.229146339656,0.0,24820.0,357125,0,0,False
Packet Length Mean,2830743,0,0,0,171.94439024900294,305.49146113948734,0.0,3337.142857,357125,0,0,False
Packet Length Std,2830743,0,0,0,294.97555442549975,631.800073031472,0.0,4731.522394,713064,0,0,False
Packet Length Variance,2830743,0,0,0,486154.794138407,1647489.865309903,0.0,22400000.0,713064,0,0,False
FIN Flag Count,2830743,0,0,0,0.035379757187423935,0.18473776556242197,0.0,1.0,2730592,0,0,False
SYN Flag Count,2830743,0,0,0,0.046446462995757644,0.2104500052666412,0.0,1.0,2699265,0,0,False
RST Flag Count,2830743,0,0,0,0.0002423392021105413,0.015565364095025081,0.0,1.0,2830057,0,0,False
PSH Flag Count,2830743,0,0,0,0.2980705065772485,0.45741070560008057,0.0,1.0,1986982,0,0,False
ACK Flag Count,2830743,0,0,0,0.3158442854049272,0.4648513193674708,0.0,1.0,1936669,0,0,False
URG Flag Count,2830743,0,0,0,0.0948231612689672,0.2929705781767338,0.0,1.0,2562323,0,0,False
CWE Flag Count,2830743,0,0,0,0.00011127820505075876,0.010548263436133869,0.0,1.0,2830428,0,0,False
ECE Flag Count,2830743,0,0,0,0.00024339899453959616,0.01559935375046968,0.0,1.0,2830054,0,0,False
Down/Up Ratio,2830743,0,0,0,0.6835004096097739,0.6804919860804204,0.0,156.0,1048181,0,0,False
Average Packet Size,2830743,0,0,0,191.98365759294515,331.86034925418835,0.0,3893.333333,357125,0,0,False
Avg Fwd Segment Size,2830743,0,0,0,58.201938528123726,186.09115654962315,0.0,5940.857143,449170,0,0,False
Avg Bwd Segment Size,2830743,0,0,0,305.94928134993836,605.2568001422048,0.0,5800.5,707746,0,0,False
Fwd Header Length.1,2830743,0,0,0,-25997.391975887604,21052857.873173933,-32212234632.0,4644908.0,1758,35,0,False
Fwd Avg Bytes/Bulk,2830743,0,0,0,0.0,0.0,0.0,0.0,2830743,0,0,True
Fwd Avg Packets/Bulk,2830743,0,0,0,0.0,0.0,0.0,0.0,2830743,0,0,True
Fwd Avg Bulk Rate,2830743,0,0,0,0.0,0.0,0.0,0.0,2830743,0,0,True
Bwd Avg Bytes/Bulk,2830743,0,0,0,0.0,0.0,0.0,0.0,2830743,0,0,True
Bwd Avg Packets/Bulk,2830743,0,0,0,0.0,0.0,0.0,0.0,2830743,0,0,True
Bwd Avg Bulk Rate,2830743,0,0,0,0.0,0.0,0.0,0.0,2830743,0,0,True
Subflow Fwd Packets,2830743,0,0,0,9.361159949878882,749.6727924980048,1.0,219759.0,0,0,0,False
Subflow Fwd Bytes,2830743,0,0,0,549.2919360747337,9980.070243937707,0.0,12870338.0,449170,0,0,False
Subflow Bwd Packets,2830743,0,0,0,10.393770116185044,997.3882689050921,0.0,291922.0,453519,0,0,False
Subflow Bwd Bytes,2830743,0,0,0,16162.30246793863,2263057.283508478,0.0,655453030.0,707746,0,0,False
Init_Win_bytes_forward,2830743,0,0,0,6989.837446211119,14338.725836818834,-1.0,65535.0,99771,1001189,0,False
Init_Win_bytes_backward,2830743,0,0,0,1989.4329767838337,8456.883156982456,-1.0,65535.0,271893,1441552,0,False
act_data_pkt_fwd,2830743,0,0,0,5.418217761202623,636.4256638996875,0.0,213557.0,962924,0,0,False
min_seg_size_forward,2830743,0,0,0,-2741.687868520738,1084989.3838169884,-536870661.0,138.0,1827,35,0,False
Active Mean,2830743,0,0,0,81551.321012322,648599.9367739789,0.0,110000000.0,2271914,0,0,False
Active Std,2830743,0,0,0,41134.116775148796,393381.5153168316,0.0,74200000.0,2625209,0,0,False
Active Max,2830743,0,0,0,153182.52126950413,1025824.9749109317,0.0,110000000.0,2271914,0,0,False
Active Min,2830743,0,0,0,58295.81774431659,577092.281910223,0.0,110000000.0,2271914,0,0,False
Idle Mean,2830743,0,0,0,8316036.62720777,23630078.57795056,0.0,120000000.0,2263460,0,0,False
Idle Std,2830743,0,0,0,503843.9497793039,4602984.480672,0.0,76900000.0,2601500,0,0,False
Idle Max,2830743,0,0,0,8695751.98458567,24366888.329043135,0.0,120000000.0,2263460,0,0,False
Idle Min,2830743,0,0,0,7920031.014637147,23363418.9274783,0.0,120000000.0,2263460,0,0,False
