model,split,threshold,n,accuracy,precision,recall,f1,fpr,roc_auc,pr_auc,tn,fp,fn,tp,fit_seconds,inference_us_per_flow
majority_class,val,0.5,378354,0.8311581217589876,0.0,0.0,0.0,0.0,0.5,0.16884187824101238,314472,0,63882,0,0.05,1.99
majority_class,test,0.5,378355,0.8311585680115235,0.0,0.0,0.0,0.0,0.5,0.16884143198847643,314473,0,63882,0,0.05,1.99
logistic_regression,val,0.5,378354,0.9797834831929886,0.9524047048222819,0.9265677342600419,0.9393085828089914,0.009406242845149966,0.9932624079499943,0.9706421743186767,311514,2958,4691,59191,71.49,3.66
logistic_regression,test,0.5,378355,0.9798892574434063,0.9525663090508436,0.9270530039760809,0.9396365021062569,0.009377593624889895,0.9933920687903725,0.9720865929099886,311524,2949,4660,59222,71.49,3.66
decision_tree,val,0.5,378354,0.9988740703151018,0.9954712973952152,0.9978710747941517,0.9966697415531826,0.0009221806710931338,0.9986801729744601,0.9956972202164391,314182,290,136,63746,124.5,7.82
decision_tree,test,0.5,378355,0.9988185698616379,0.9954233767045189,0.9975893052816129,0.9965051640696465,0.0009317175083393487,0.9985301099027017,0.9954503677910689,314180,293,154,63728,124.5,7.82
random_forest,val,0.5,378354,0.9986599850933253,0.9952951842068243,0.9967753044676122,0.9960346944681251,0.0009571599379277011,0.9998873753196629,0.9994626303547224,314171,301,206,63676,202.88,9.49
random_forest,test,0.5,378355,0.9986309154101307,0.9956042924631605,0.9962900347515732,0.9959470455683526,0.0008935584294995118,0.9998759633563183,0.9995635183565674,314192,281,237,63645,202.88,9.49
hist_gradient_boosting,val,0.5,378354,0.9986864153676187,0.9950483450225714,0.9971823048746126,0.9961141820626891,0.0010080388715052533,0.9999527425576241,0.999663859546715,314155,317,180,63702,41.65,4.23
hist_gradient_boosting,test,0.5,378355,0.9987049199825561,0.9955132414094988,0.9968222660530353,0.9961673236968901,0.0009126379689194303,0.9999469331580882,0.9996680660823591,314186,287,203,63679,41.65,4.23
